ticker,date,open,high,low,close
BTC,2021-02-19,51870.6,56247.1,50782.9,55466.8
BTC,2021-02-20,55459.5,57522.1,54196.1,55509.9
BTC,2021-02-21,55491.9,58346.6,55425.3,57354.9
BTC,2021-02-22,57365.3,57587.6,48390.0,54157.9
BTC,2021-02-23,54119.3,54328.9,45016.9,48697.1
BTC,2021-02-24,48651.9,51359.8,47041.8,48885.2
BTC,2021-02-25,48871.2,52084.1,47450.0,48125.8
BTC,2021-02-26,48206.3,48435.1,44200.7,45526.6
BTC,2021-02-27,45514.2,48313.9,45439.9,45874.2
BTC,2021-02-28,45850.6,46640.9,43143.8,45272.1
BTC,2021-03-01,45273.2,49495.3,44976.3,49169.2
BTC,2021-03-02,49173.2,50221.0,47097.8,47845.2
BTC,2021-03-03,47849.3,52601.5,47790.6,50601.8
BTC,2021-03-04,50607.7,51782.5,47516.9,48251.0
BTC,2021-03-05,48246.4,49463.4,46351.5,49094.8
BTC,2021-03-06,49087.8,49179.8,47113.2,48959.9
BTC,2021-03-07,48964.9,51339.6,48854.3,50515.6
BTC,2021-03-08,50515.4,51978.4,49343.7,51602.5
BTC,2021-03-09,51618.4,54882.9,51618.4,54807.5
BTC,2021-03-10,54842.4,57378.1,53077.9,56941.3
BTC,2021-03-11,56932.7,58024.2,54338.5,57954.9
BTC,2021-03-12,57955.3,58141.4,55097.9,57253.4
BTC,2021-03-13,57241.8,61747.6,56129.5,61086.2
BTC,2021-03-14,61071.1,61658.0,59335.7,60209.0
BTC,2021-03-15,60215.8,60727.9,54944.6,56148.7
BTC,2021-03-16,56161.0,56818.6,53302.9,56308.1
BTC,2021-03-17,56285.4,58956.3,54185.9,58356.6
BTC,2021-03-18,58387.3,60070.3,57035.5,57695.6
BTC,2021-03-19,57656.9,59441.4,56302.8,58531.8
BTC,2021-03-20,58511.1,59887.1,57843.0,58538.4
BTC,2021-03-21,58514.8,58589.7,55652.8,57637.4
BTC,2021-03-22,57611.5,58422.3,53813.1,54574.9
BTC,2021-03-23,54616.1,55836.3,52990.7,54395.1
BTC,2021-03-24,54391.5,57192.1,51704.9,52596.7
BTC,2021-03-25,52536.9,53186.7,50444.4,51757.9
BTC,2021-03-26,51763.1,54800.2,51269.2,54431.6
BTC,2021-03-27,54427.9,56551.4,54005.2,56412.0
BTC,2021-03-28,56409.0,56516.5,54723.6,55143.2
BTC,2021-03-29,55141.2,58382.2,54922.5,57555.4
BTC,2021-03-30,57560.1,59398.0,57055.9,58761.8
BTC,2021-03-31,58758.3,59813.4,56969.3,58949.4
BTC,2021-04-01,58946.8,59469.4,57959.4,58755.9
BTC,2021-04-02,58753.2,60057.4,58471.9,58774.3
BTC,2021-04-03,58766.7,59759.1,57553.9,57679.0
BTC,2021-04-04,57656.0,58488.9,56501.1,58115.0
BTC,2021-04-05,58126.0,59215.5,56838.2,58673.4
BTC,2021-04-06,58680.7,59459.5,57386.0,57927.2
BTC,2021-04-07,57878.7,58624.3,55471.6,56185.7
BTC,2021-04-08,56168.5,58145.6,55725.8,57675.7
BTC,2021-04-09,57673.6,58881.6,57571.1,58340.5
BTC,2021-04-10,58340.4,61182.5,57869.4,59107.9
BTC,2021-04-11,59119.8,60659.3,59040.2,59546.6
BTC,2021-04-12,59571.9,61232.7,59420.7,60002.2
BTC,2021-04-13,59989.6,63680.5,59820.4,63137.9
BTC,2021-04-14,63128.3,64830.5,61366.5,62810.2
BTC,2021-04-15,62778.2,63813.9,62042.2,63460.9
BTC,2021-04-16,63458.7,63582.9,60061.4,61840.1
BTC,2021-04-17,61826.4,62539.4,59725.6,60773.6
BTC,2021-04-18,60773.1,60857.5,52864.1,56352.3
BTC,2021-04-19,56362.1,57573.6,54297.1,56337.9
BTC,2021-04-20,56332.6,57085.7,53434.8,57014.4
BTC,2021-04-21,57049.2,57094.4,54358.4,54816.2
BTC,2021-04-22,54780.9,55454.8,50552.9,51699.5
BTC,2021-04-23,51655.7,52217.4,47534.6,50440.0
BTC,2021-04-24,50359.3,51216.6,48774.9,50876.9
BTC,2021-04-25,50909.4,50996.9,47090.1,47694.4
BTC,2021-04-26,47674.9,54388.1,47600.7,53384.3
BTC,2021-04-27,53403.5,55488.0,52960.2,55323.9
BTC,2021-04-28,55322.1,56442.7,53907.6,54857.8
BTC,2021-04-29,54853.5,55208.4,52399.6,53340.2
BTC,2021-04-30,53350.0,57372.8,53096.6,57046.5
BTC,2021-05-01,57045.9,58497.5,56967.4,57468.4
BTC,2021-05-02,57480.9,57961.6,56137.4,56701.6
BTC,2021-05-03,56701.6,58963.1,56303.0,57130.7
BTC,2021-05-04,57139.1,57489.4,53334.1,54386.6
BTC,2021-05-05,54388.6,57939.5,52993.3,56844.8
BTC,2021-05-06,56855.3,58380.9,55340.9,56386.4
BTC,2021-05-07,56354.7,58685.1,55344.4,57426.6
BTC,2021-05-08,57425.4,59521.1,56832.6,58863.0
BTC,2021-05-09,58869.5,59276.6,56397.6,58101.4
BTC,2021-05-10,58078.2,59587.0,54292.5,55755.6
BTC,2021-05-11,55728.0,56927.8,54526.6,56571.9
BTC,2021-05-12,56580.1,57993.1,53597.3,54579.3
BTC,2021-05-13,54578.9,54784.3,47054.4,49594.2
BTC,2021-05-14,49594.1,51550.0,48475.2,49864.9
BTC,2021-05-15,49861.8,50702.1,46999.0,48449.4
BTC,2021-05-16,48451.2,49795.7,43942.3,45245.6
BTC,2021-05-17,45210.9,46637.1,42166.7,43547.6
BTC,2021-05-18,43520.4,45813.2,42451.1,43010.1
BTC,2021-05-19,43006.7,43550.5,30108.1,38872.5
BTC,2021-05-20,38840.7,42505.6,35021.7,40704.4
BTC,2021-05-21,40763.6,42209.3,33582.7,36663.7
BTC,2021-05-22,36669.6,38825.3,35294.2,38188.4
BTC,2021-05-23,38215.3,38360.6,31190.2,34057.9
BTC,2021-05-24,34070.2,39896.0,33690.3,38641.8
BTC,2021-05-25,38531.5,39834.4,36537.2,37983.3
BTC,2021-05-26,37983.4,40845.0,37867.1,39102.3
BTC,2021-05-27,39094.4,40353.8,37225.3,39048.2
BTC,2021-05-28,38995.3,39168.3,34758.4,35041.2
BTC,2021-05-29,35046.5,37292.5,33676.0,34679.9
BTC,2021-05-30,34686.0,36449.9,33459.3,35961.7
BTC,2021-05-31,35956.9,37470.8,34216.4,36966.6
BTC,2021-06-01,36943.6,37905.3,35734.9,36389.3
BTC,2021-06-02,36405.2,38224.0,35941.2,37809.7
BTC,2021-06-03,37810.8,39481.1,37202.8,38779.5
BTC,2021-06-04,38766.2,39271.4,35648.2,37220.1
BTC,2021-06-05,37225.2,37907.8,34852.5,35000.1
BTC,2021-06-06,35009.0,36446.7,34919.4,35940.3
BTC,2021-06-07,35944.4,36776.7,33702.7,34136.8
BTC,2021-06-08,34137.8,34295.8,31062.7,33526.2
BTC,2021-06-09,33510.5,36851.0,32440.2,36648.4
BTC,2021-06-10,36655.9,38356.0,35830.0,36658.7
BTC,2021-06-11,36710.3,37659.4,35995.0,36924.2
BTC,2021-06-12,36933.5,37486.5,34691.1,35853.8
BTC,2021-06-13,35831.7,39371.1,34822.1,38899.8
BTC,2021-06-14,38897.0,40999.1,38713.8,40284.1
BTC,2021-06-15,40289.3,41306.7,39586.8,39968.8
BTC,2021-06-16,39969.7,40486.6,38359.0,38756.1
BTC,2021-06-17,38767.1,39526.7,37398.0,37743.3
BTC,2021-06-18,37751.0,38202.4,35168.0,35681.2
BTC,2021-06-19,35680.1,36376.3,34887.3,35896.9
BTC,2021-06-20,35887.7,36113.3,33377.9,35568.1
BTC,2021-06-21,35563.8,35776.3,31420.6,31499.8
BTC,2021-06-22,31512.9,33296.2,28935.5,32496.3
BTC,2021-06-23,32485.8,34796.1,31807.2,33381.2
BTC,2021-06-24,33365.8,35231.9,32344.9,34797.5
BTC,2021-06-25,34780.0,35492.8,31500.2,31770.6
BTC,2021-06-26,31780.9,32661.4,30195.1,31445.1
BTC,2021-06-27,31466.3,33587.6,31425.2,32845.0
BTC,2021-06-28,32871.2,35290.7,32843.9,34690.4
BTC,2021-06-29,34658.7,36566.1,34151.0,36249.4
BTC,2021-06-30,36238.7,36254.9,34072.8,34809.4
BTC,2021-07-01,34822.2,35206.4,32799.1,33505.1
BTC,2021-07-02,33501.1,33950.7,32733.8,33465.9
BTC,2021-07-03,33464.6,34929.1,33355.4,34595.3
BTC,2021-07-04,34580.0,35944.4,34295.9,35866.5
BTC,2021-07-05,35889.4,35889.4,33180.9,34169.8
BTC,2021-07-06,34164.5,35088.7,33581.4,33766.7
BTC,2021-07-07,33765.9,35044.8,33739.4,34250.1
BTC,2021-07-08,34250.5,34290.5,32118.7,32686.9
BTC,2021-07-09,32686.8,34002.3,32289.9,33871.3
BTC,2021-07-10,33861.1,34230.2,33062.4,33431.6
BTC,2021-07-11,33429.0,34578.6,33335.4,34473.5
BTC,2021-07-12,34491.4,34635.9,32663.2,32868.7
BTC,2021-07-13,32866.9,33324.9,32215.2,32583.9
BTC,2021-07-14,32587.6,33064.6,31627.8,32861.3
BTC,2021-07-15,32859.6,33184.1,31155.2,31730.8
BTC,2021-07-16,31675.7,32254.9,31072.9,31745.5
BTC,2021-07-17,31742.7,31950.8,31201.9,31728.6
BTC,2021-07-18,31728.9,32438.9,31158.8,31847.7
BTC,2021-07-19,31848.2,31942.8,30493.7,30783.4
BTC,2021-07-20,30768.3,31061.8,29324.3,29702.2
BTC,2021-07-21,29702.4,32811.3,29511.5,31841.7
BTC,2021-07-22,31845.0,32596.5,31740.3,32163.4
BTC,2021-07-23,32145.2,32885.9,32039.8,32647.7
BTC,2021-07-24,32628.6,34516.8,32605.8,34124.6
BTC,2021-07-25,34125.4,34818.6,33889.3,34587.3
BTC,2021-07-26,34588.5,40533.9,34491.2,37115.7
BTC,2021-07-27,37129.9,38771.1,36422.4,38284.4
BTC,2021-07-28,38357.2,40883.8,38146.4,40102.8
BTC,2021-07-29,40102.4,40627.7,39324.9,39560.9
BTC,2021-07-30,39564.4,41497.5,38371.4,41175.5
BTC,2021-07-31,41202.8,42312.5,41029.4,41980.2
BTC,2021-08-01,41980.9,42577.9,40668.4,41092.3
BTC,2021-08-02,41086.4,41201.4,38699.6,39210.5
BTC,2021-08-03,39213.1,39774.4,37715.5,38322.7
BTC,2021-08-04,38332.6,39953.3,37528.7,39833.8
BTC,2021-08-05,39835.5,41402.7,37349.2,40926.5
BTC,2021-08-06,40930.8,43274.9,39925.2,42482.8
BTC,2021-08-07,42478.6,44553.1,42478.6,43644.2
BTC,2021-08-08,43599.7,45299.5,43322.1,44260.3
BTC,2021-08-09,44256.1,46464.2,42818.1,45719.2
BTC,2021-08-10,45732.6,46653.9,44680.4,45726.5
BTC,2021-08-11,45711.7,46760.8,45255.6,46371.3
BTC,2021-08-12,46353.1,46353.1,43837.0,44249.3
BTC,2021-08-13,44249.9,47830.3,43904.9,47588.1
BTC,2021-08-14,47582.4,48128.1,46056.9,47049.8
BTC,2021-08-15,47049.8,47365.0,45607.2,46886.0
BTC,2021-08-16,46883.8,48053.0,45686.2,46069.8
BTC,2021-08-17,46069.5,47095.9,44593.1,44776.7
BTC,2021-08-18,44777.7,46021.5,44242.5,44621.8
BTC,2021-08-19,44600.5,46854.7,43994.6,46623.0
BTC,2021-08-20,46621.6,49303.9,46363.9,49303.9
BTC,2021-08-21,49324.9,49793.7,48330.0,49209.2
BTC,2021-08-22,49197.8,49466.5,48138.8,48713.8
BTC,2021-08-23,48719.2,50498.9,48653.6,49563.3
BTC,2021-08-24,49564.0,49858.1,47847.2,48201.0
BTC,2021-08-25,48204.4,49156.5,47144.0,49076.2
BTC,2021-08-26,49091.3,49353.7,46470.3,47263.7
BTC,2021-08-27,47267.7,49165.8,46382.3,48999.3
BTC,2021-08-28,48997.4,49304.6,48417.0,48972.1
BTC,2021-08-29,48971.8,49649.3,47865.8,48912.4
BTC,2021-08-30,48914.6,49396.4,47440.7,48407.4
BTC,2021-08-31,48405.5,48465.9,46719.4,46958.8
BTC,2021-09-01,46949.1,49018.2,46556.8,48447.1
BTC,2021-09-02,48445.8,50358.0,48320.3,49831.8
BTC,2021-09-03,49828.6,51017.4,48364.9,50250.6
BTC,2021-09-04,50251.2,50544.8,49519.1,50227.5
BTC,2021-09-05,50228.0,51808.1,49513.6,51728.4
BTC,2021-09-06,51724.4,52205.3,51046.4,52114.1
BTC,2021-09-07,52119.1,52913.0,43954.2,46502.9
BTC,2021-09-08,46551.7,47348.1,44484.8,46076.9
BTC,2021-09-09,46072.3,47298.9,45613.2,46487.2
BTC,2021-09-10,46487.4,47025.4,44237.1,44618.1
BTC,2021-09-11,44596.7,45984.9,44305.2,45403.9
BTC,2021-09-12,45402.7,46213.2,44775.8,45287.9
BTC,2021-09-13,45288.4,46815.7,43559.8,45162.3
BTC,2021-09-14,45133.2,46955.2,44786.9,46689.7
BTC,2021-09-15,46656.4,48445.6,46603.8,48183.2
BTC,2021-09-16,48181.4,48493.4,47053.9,47672.8
BTC,2021-09-17,47676.4,48166.7,46791.7,47246.8
BTC,2021-09-18,47268.3,48790.4,46918.7,47908.3
BTC,2021-09-19,47908.6,48366.9,47130.9,47461.2
BTC,2021-09-20,47460.4,47607.9,42601.3,43507.1
BTC,2021-09-21,43509.9,43917.9,39782.3,41435.9
BTC,2021-09-22,41428.3,44000.9,40250.0,43259.9
BTC,2021-09-23,43263.5,44930.7,43108.9,44692.6
BTC,2021-09-24,44694.8,45130.4,40863.2,42953.0
BTC,2021-09-25,42960.2,43118.1,41726.4,42724.4
BTC,2021-09-26,42722.9,43729.2,40829.5,43581.9
BTC,2021-09-27,43583.1,44338.6,42633.7,43096.2
BTC,2021-09-28,43098.5,43399.5,41144.1,41877.4
BTC,2021-09-29,41871.8,42571.2,40813.1,41250.1
BTC,2021-09-30,41248.0,44097.5,41124.6,43774.7
BTC,2021-10-01,43758.7,48439.2,43310.9,48378.8
BTC,2021-10-02,48370.8,48462.5,47479.9,48168.2
BTC,2021-10-03,48152.9,49182.5,47159.9,47809.8
BTC,2021-10-04,47795.0,49498.7,46966.5,48921.9
BTC,2021-10-05,48933.4,51884.6,48748.8,51762.2
BTC,2021-10-06,51762.1,55373.1,50445.2,55108.2
BTC,2021-10-07,55103.4,55652.9,53470.9,54293.6
BTC,2021-10-08,54295.3,55994.7,53669.5,54190.7
BTC,2021-10-09,54189.9,55448.4,53721.8,54865.7
BTC,2021-10-10,54865.6,56447.1,54192.4,54866.0
BTC,2021-10-11,54834.3,57819.2,54411.9,57143.8
BTC,2021-10-12,57156.2,57634.0,54142.2,56046.7
BTC,2021-10-13,56058.6,57700.6,54284.2,57516.6
BTC,2021-10-14,57505.8,58510.9,56867.9,57758.2
BTC,2021-10-15,57762.0,62852.3,56890.8,61199.9
BTC,2021-10-16,61216.7,62331.5,60175.9,60704.2
BTC,2021-10-17,60677.5,61420.2,59083.8,60609.9
BTC,2021-10-18,60629.8,62618.2,59935.5,61780.1
BTC,2021-10-19,61779.5,64334.6,61440.8,64094.9
BTC,2021-10-20,64095.4,66961.2,63552.5,65813.1
BTC,2021-10-21,65811.3,66642.9,62284.9,62698.2
BTC,2021-10-22,62739.9,63716.1,60060.5,60414.8
BTC,2021-10-23,60395.8,61730.6,59745.0,61040.6
BTC,2021-10-24,61039.3,61479.2,59536.6,60964.8
BTC,2021-10-25,60967.6,63703.9,60660.2,62839.9
BTC,2021-10-26,62829.5,63279.4,60642.6,60734.6
BTC,2021-10-27,60828.7,61465.8,58154.7,58801.2
BTC,2021-10-28,58796.7,62194.1,58164.2,60732.6
BTC,2021-10-29,60726.8,62954.2,60316.8,62384.8
BTC,2021-10-30,62385.5,62473.5,60838.4,61503.5
BTC,2021-10-31,61490.4,62388.4,60041.9,61428.2
BTC,2021-11-01,61417.1,62470.2,59586.1,61140.2
BTC,2021-11-02,61134.0,64278.6,60691.1,62980.0
BTC,2021-11-03,62976.8,63543.1,61133.5,62811.4
BTC,2021-11-04,62810.0,63098.2,60769.4,61186.8
BTC,2021-11-05,61186.5,62610.4,60789.8,61133.9
BTC,2021-11-06,61121.7,61589.5,60132.7,61402.8
BTC,2021-11-07,61406.8,63097.0,61338.4,62832.6
BTC,2021-11-08,62841.1,66554.5,62814.1,66539.2
BTC,2021-11-09,66537.0,68501.6,66343.0,67305.1
BTC,2021-11-10,67304.6,68976.5,63526.0,65145.6
BTC,2021-11-11,65139.4,65578.6,64144.4,65210.9
BTC,2021-11-12,65207.1,65462.5,62322.1,63929.0
BTC,2021-11-13,63948.5,64963.6,63407.8,64258.6
BTC,2021-11-14,64285.3,65312.8,63634.9,64526.6
BTC,2021-11-15,64532.2,66334.8,63447.9,63962.9
BTC,2021-11-16,63969.4,63975.7,58798.3,60615.4
BTC,2021-11-17,60615.2,60830.9,58586.6,59992.1
BTC,2021-11-18,60004.9,60955.4,56614.6,56614.6
BTC,2021-11-19,56646.5,58395.5,55669.8,57906.8
BTC,2021-11-20,57890.7,59779.3,57483.8,59779.3
BTC,2021-11-21,59760.0,60046.7,58596.3,59160.1
BTC,2021-11-22,59179.1,59362.9,55698.9,56741.7
BTC,2021-11-23,56748.2,57880.7,55441.6,57586.0
BTC,2021-11-24,57588.6,57753.5,55902.3,57010.7
BTC,2021-11-25,57003.4,59444.4,56992.6,58931.2
BTC,2021-11-26,58931.3,59361.3,53577.3,54099.0
BTC,2021-11-27,54095.6,55314.4,53557.0,54917.5
BTC,2021-11-28,54895.0,56765.8,53529.9,56094.7
BTC,2021-11-29,56071.9,58900.0,56071.9,58117.1
BTC,2021-11-30,58113.1,59245.0,55958.3,57345.0
BTC,2021-12-01,57335.8,59112.9,56487.2,57077.7
BTC,2021-12-02,57104.0,57421.5,55855.5,56887.6
BTC,2021-12-03,56885.0,57660.0,51689.5,53440.3
BTC,2021-12-04,53431.0,53875.9,44582.5,49303.2
BTC,2021-12-05,49307.0,49783.0,47875.1,49338.3
BTC,2021-12-06,49335.7,51012.8,47241.4,50891.4
BTC,2021-12-07,50882.3,51988.7,50074.8,50261.9
BTC,2021-12-08,50268.9,51242.8,48673.1,50230.9
BTC,2021-12-09,50246.8,50843.4,47327.6,47958.5
BTC,2021-12-10,47960.2,50112.1,47312.6,47523.6
BTC,2021-12-11,47522.2,49300.0,46800.0,48854.8
BTC,2021-12-12,48853.8,50811.4,48675.6,50330.8
BTC,2021-12-13,50313.4,50397.5,45841.8,46913.5
BTC,2021-12-14,46907.8,48669.4,46323.1,48285.9
BTC,2021-12-15,48280.4,49500.0,46583.2,48752.8
BTC,2021-12-16,48764.2,49450.7,47529.8,47830.0
BTC,2021-12-17,47830.9,48009.8,45498.7,46534.0
BTC,2021-12-18,46515.0,47367.3,45534.9,46807.9
BTC,2021-12-19,46792.6,48290.0,46440.6,47360.9
BTC,2021-12-20,47323.5,47544.9,45577.4,46792.1
BTC,2021-12-21,46751.6,49330.1,46653.2,49286.3
BTC,2021-12-22,49296.5,49580.0,48442.6,48997.7
BTC,2021-12-23,49001.5,51391.5,48039.6,50777.4
BTC,2021-12-24,50777.4,51865.3,50447.7,50785.3
BTC,2021-12-25,50796.7,51169.8,50191.3,50633.5
BTC,2021-12-26,50629.8,51295.3,49558.9,50999.9
BTC,2021-12-27,51005.7,52093.7,50469.2,51035.4
BTC,2021-12-28,51035.4,51075.5,47319.7,47701.2
BTC,2021-12-29,47689.6,48141.9,46591.3,47284.1
BTC,2021-12-30,47284.1,47909.6,45983.6,47083.4
BTC,2021-12-31,47094.3,48558.0,45682.6,46308.6
BTC,2022-01-01,46308.6,47954.8,46142.9,47450.2
BTC,2022-01-02,47450.2,47981.1,46669.3,47264.8
BTC,2022-01-03,47264.8,47574.8,45704.6,46222.5
BTC,2022-01-04,46222.5,47556.9,45490.9,46155.3
BTC,2022-01-05,46147.8,47063.5,42495.8,43439.9
BTC,2022-01-06,43432.7,43800.0,42429.3,43176.6
BTC,2022-01-07,43176.6,43237.1,40803.8,41537.7
BTC,2022-01-08,41537.7,42300.0,40586.2,41912.1
BTC,2022-01-09,41911.1,42786.7,41204.1,42205.4
BTC,2022-01-10,42205.4,42280.0,39716.0,41605.0
BTC,2022-01-11,41602.5,43099.2,41265.9,42717.4
BTC,2022-01-12,42717.6,44324.6,42458.5,43860.5
BTC,2022-01-13,43860.5,44522.2,42328.1,42614.5
BTC,2022-01-14,42611.7,43466.1,41746.9,43263.5
BTC,2022-01-15,43263.5,43821.6,42587.0,43259.0
BTC,2022-01-16,43259.0,43485.5,42614.4,43207.3
BTC,2022-01-17,43209.7,43280.3,41557.4,42094.0
BTC,2022-01-18,42094.0,42687.7,41296.5,42495.6
BTC,2022-01-19,42493.7,42577.9,41152.3,41989.5
BTC,2022-01-20,41989.5,43518.1,40864.1,41175.5
BTC,2022-01-21,41172.6,41185.2,35560.1,36138.8
BTC,2022-01-22,36143.5,36849.0,34100.5,34885.5
BTC,2022-01-23,34878.6,36159.8,34607.9,35518.3
BTC,2022-01-24,35515.6,37471.4,32971.8,36382.2
BTC,2022-01-25,36382.2,37557.2,35713.7,36796.4
BTC,2022-01-26,36803.4,38898.2,36261.7,36535.4
BTC,2022-01-27,36531.3,37208.7,35528.3,36727.2
BTC,2022-01-28,36717.7,38011.4,36169.5,37667.1
BTC,2022-01-29,37662.6,38657.3,37299.3,38154.7
BTC,2022-01-30,38151.4,38369.3,37367.7,37800.9
BTC,2022-01-31,37798.7,38757.4,36667.3,38431.7
BTC,2022-02-01,38431.7,39284.8,38019.0,38717.7
BTC,2022-02-02,38717.8,38911.3,36623.5,37036.9
BTC,2022-02-03,37046.9,37159.1,36299.6,36951.6
BTC,2022-02-04,36951.9,40901.4,36893.1,40674.2
BTC,2022-02-05,40674.3,41946.9,40593.1,41604.8
BTC,2022-02-06,41604.8,42192.7,41141.2,41612.0
BTC,2022-02-07,41599.6,44526.2,41513.8,44097.0
BTC,2022-02-08,44100.8,45523.6,42703.2,44102.5
BTC,2022-02-09,44102.7,44848.3,43152.4,44606.8
BTC,2022-02-10,44606.8,45861.2,43239.1,43980.3
BTC,2022-02-11,43988.4,44078.4,42014.6,42167.6
BTC,2022-02-12,42167.7,43091.1,41764.2,42196.6
BTC,2022-02-13,42196.6,42780.6,41890.9,42405.4
BTC,2022-02-14,42397.0,42865.8,41579.9,42690.9
BTC,2022-02-15,42699.4,44526.7,42448.4,44195.7
BTC,2022-02-16,44195.7,44776.9,43340.1,44032.5
BTC,2022-02-17,44032.5,44190.7,40097.2,40737.0
BTC,2022-02-18,40742.8,40984.5,39537.2,39964.4
BTC,2022-02-19,39959.3,40462.2,39658.9,40035.4
BTC,2022-02-20,40035.4,40164.1,38018.3,38838.2
BTC,2022-02-21,38834.6,39499.4,36818.6,37562.1
BTC,2022-02-22,37557.1,38313.7,36362.1,37936.3
BTC,2022-02-23,37936.3,39262.9,37118.6,37670.8
BTC,2022-02-24,37670.8,39478.2,34356.9,37885.2
BTC,2022-02-25,37892.4,39699.4,37892.4,39454.4
BTC,2022-02-26,39443.0,40189.3,38594.7,39160.9
BTC,2022-02-27,39160.8,39871.6,37018.5,37825.8
BTC,2022-02-28,37815.3,44243.5,37367.9,42965.9
BTC,2022-03-01,42864.4,44971.4,42828.2,44168.9
BTC,2022-03-02,44170.0,45263.6,43342.8,44076.2
BTC,2022-03-03,44076.2,44213.3,41845.6,42493.2
BTC,2022-03-04,42500.6,42618.5,38563.6,39016.4
BTC,2022-03-05,39013.4,39620.8,38415.7,39476.8
BTC,2022-03-06,39476.8,39705.3,38101.2,38985.8
BTC,2022-03-07,38990.0,39553.4,37162.4,38222.9
BTC,2022-03-08,38222.9,39365.8,37875.2,38560.0
BTC,2022-03-09,38560.0,42592.5,38537.8,41900.4
BTC,2022-03-10,41900.4,42143.9,38615.4,39457.8
BTC,2022-03-11,39457.8,40248.3,38240.9,38924.5
BTC,2022-03-12,38924.5,39460.0,38668.3,39105.9
BTC,2022-03-13,39105.9,39311.7,37618.0,37750.4
BTC,2022-03-14,37734.1,39932.4,37559.8,39331.6
BTC,2022-03-15,39334.3,39888.8,38107.6,39481.8
BTC,2022-03-16,39478.8,41724.3,38928.4,40895.3
BTC,2022-03-17,40895.3,41483.8,40508.1,41008.3
BTC,2022-03-18,41008.3,42346.2,40167.6,41708.0
BTC,2022-03-19,41708.0,42417.0,41524.9,41971.3
BTC,2022-03-20,41971.3,42312.0,40929.4,41428.9
BTC,2022-03-21,41452.6,41555.0,40487.0,41136.5
BTC,2022-03-22,41136.4,43260.0,40896.0,42550.0
BTC,2022-03-23,42551.3,42796.5,41772.4,42509.9
BTC,2022-03-24,42509.9,44238.6,42415.9,43969.4
BTC,2022-03-25,43965.3,45121.2,43605.2,44321.6
BTC,2022-03-26,44317.2,44815.4,44089.6,44381.9
BTC,2022-03-27,44383.7,46818.5,44383.7,46562.6
BTC,2022-03-28,46585.9,48209.1,46367.7,47633.0
BTC,2022-03-29,47657.8,48115.6,46903.6,47295.4
BTC,2022-03-30,47290.7,47709.8,46637.7,47001.6
BTC,2022-03-31,47001.6,47609.5,45532.7,45766.3
BTC,2022-04-01,45770.9,46743.4,44213.3,46323.6
BTC,2022-04-02,46323.6,47223.4,45641.9,46249.5
BTC,2022-04-03,46249.5,46853.0,45546.2,46853.0
BTC,2022-04-04,46950.5,47406.0,45131.5,46458.4
BTC,2022-04-05,46463.0,47214.1,45469.8,45958.1
BTC,2022-04-06,45958.1,46059.4,43182.9,43845.8
BTC,2022-04-07,43845.8,43895.2,42731.6,43524.4
BTC,2022-04-08,43524.4,43979.6,42463.6,42580.4
BTC,2022-04-09,42580.4,42677.1,42119.8,42570.8
BTC,2022-04-10,42570.8,43423.3,42450.5,42678.2
BTC,2022-04-11,42736.2,42743.8,39316.1,39400.6
BTC,2022-04-12,39411.1,40658.1,39211.8,39701.7
BTC,2022-04-13,39701.7,41554.9,39568.9,41232.1
BTC,2022-04-14,41232.1,41508.3,39560.9,39974.0
BTC,2022-04-15,39974.0,40706.5,39774.4,40434.1
BTC,2022-04-16,40434.1,40715.8,40008.0,40490.1
BTC,2022-04-17,40518.4,40688.1,39837.3,40216.2
BTC,2022-04-18,40216.2,41105.6,38544.4,40813.5
BTC,2022-04-19,40813.5,41764.6,40583.2,41321.3
BTC,2022-04-20,41321.3,42200.3,40903.2,41504.8
BTC,2022-04-21,41504.8,42984.6,40551.5,40730.5
BTC,2022-04-22,40730.5,40819.0,39190.4,39619.2
BTC,2022-04-23,39623.1,39988.0,39288.9,39903.0
BTC,2022-04-24,39903.0,39948.0,39138.1,39641.3
BTC,2022-04-25,39641.3,40380.4,38217.0,40235.6
BTC,2022-04-26,40235.6,40796.9,37788.9,38333.9
BTC,2022-04-27,38333.9,39470.3,37745.6,39225.9
BTC,2022-04-28,39225.9,40376.7,38888.3,39848.7
BTC,2022-04-29,39853.5,39926.8,38175.0,38564.0
BTC,2022-04-30,38564.0,38799.2,38159.4,38301.1
BTC,2022-05-01,38301.1,38667.8,37388.5,38342.6
BTC,2022-05-02,38350.0,39169.9,38057.5,38643.5
BTC,2022-05-03,38643.5,38903.5,37513.9,37791.8
BTC,2022-05-04,37791.8,40020.0,37627.4,39741.1
BTC,2022-05-05,39741.1,39833.6,35567.2,36451.3
BTC,2022-05-06,36451.3,36665.7,35313.9,35956.3
BTC,2022-05-07,35955.5,36142.7,35089.0,35089.0
BTC,2022-05-08,35200.6,35711.2,33723.1,34450.4
BTC,2022-05-09,34450.4,34466.2,30321.9,30800.7
BTC,2022-05-10,30832.3,32640.7,29779.0,30286.1
BTC,2022-05-11,30224.3,32090.5,27673.9,28893.2
BTC,2022-05-12,28893.5,30069.7,25474.1,28368.4
BTC,2022-05-13,28359.3,30954.3,28273.1,29995.6
BTC,2022-05-14,29995.6,30087.9,28602.5,29661.4
BTC,2022-05-15,29662.8,31169.0,29443.7,31029.6
BTC,2022-05-16,31035.5,31362.3,29140.8,30135.2
BTC,2022-05-17,30130.8,30718.6,29440.4,30512.1
BTC,2022-05-18,30512.1,30652.6,28714.6,29152.1
BTC,2022-05-19,29171.2,30506.4,28635.5,30245.9
BTC,2022-05-20,30248.7,30715.4,28692.7,29148.6
BTC,2022-05-21,29148.4,29617.3,28916.1,29314.4
BTC,2022-05-22,29314.4,30271.9,29218.8,29981.7
BTC,2022-05-23,29981.7,30632.1,29025.1,29311.1
BTC,2022-05-24,29308.2,29610.2,28644.7,29548.3
BTC,2022-05-25,29548.5,30190.5,29264.8,29789.2
BTC,2022-05-26,29789.2,29853.8,28001.4,29546.4
BTC,2022-05-27,29546.4,29640.0,28253.3,28690.6
BTC,2022-05-28,28690.0,29174.1,28413.3,28983.5
BTC,2022-05-29,28983.5,29445.6,28813.0,29203.5
BTC,2022-05-30,29203.5,32183.0,29144.7,31780.5
BTC,2022-05-31,31785.7,32373.1,31203.0,31682.3
BTC,2022-06-01,31695.6,31957.2,29343.6,29564.1
BTC,2022-06-02,29566.3,30381.2,29490.5,30340.1
BTC,2022-06-03,30340.1,30674.0,29312.4,29786.2
BTC,2022-06-04,29781.2,29923.7,29460.2,29823.7
BTC,2022-06-05,29823.7,30157.8,29519.1,29937.1
BTC,2022-06-06,29937.1,31738.6,29846.9,31462.1
BTC,2022-06-07,31462.1,31554.4,29195.8,31383.4
BTC,2022-06-08,31375.8,31467.6,29859.3,30404.5
BTC,2022-06-09,30404.5,30673.6,29945.5,30114.0
BTC,2022-06-10,30114.0,30337.3,28840.4,29162.6
BTC,2022-06-11,29161.4,29407.6,28069.3,28528.8
BTC,2022-06-12,28528.8,28651.1,26859.6,27335.7
BTC,2022-06-13,27335.7,27415.3,22567.1,23031.7
BTC,2022-06-14,23026.9,23138.0,20822.5,21463.2
BTC,2022-06-15,21481.5,22416.6,20079.7,22157.8
BTC,2022-06-16,22188.3,22548.1,20724.5,20985.9
BTC,2022-06-17,20435.1,21334.3,20218.9,20533.1
BTC,2022-06-18,20531.7,20750.4,17599.0,18494.7
BTC,2022-06-19,18507.8,20660.8,17936.1,20369.1
BTC,2022-06-20,20375.3,21045.7,19616.5,20396.0
BTC,2022-06-21,20396.0,21700.6,20241.7,20950.4
BTC,2022-06-22,20949.8,20979.0,19756.5,19985.3
BTC,2022-06-23,19987.8,21098.1,19870.8,20667.1
BTC,2022-06-24,20667.1,21430.7,20663.0,21295.5
BTC,2022-06-25,21300.8,21588.8,20897.5,21495.7
BTC,2022-06-26,21489.4,21867.2,21124.0,21368.6
BTC,2022-06-27,21368.8,21519.4,20494.3,20784.6
BTC,2022-06-28,20791.5,21192.8,20181.3,20368.2
BTC,2022-06-29,20362.5,20429.5,19872.7,20270.8
BTC,2022-06-30,20270.8,20300.3,18615.0,18797.2
BTC,2022-07-01,18797.2,20870.1,18719.9,19375.7
BTC,2022-07-02,19375.7,19438.2,18980.4,19332.0
BTC,2022-07-03,19332.0,19614.2,18773.6,19279.7
BTC,2022-07-04,19275.8,20095.2,19030.4,19934.8
BTC,2022-07-05,19934.8,20723.9,19283.9,20350.7
BTC,2022-07-06,20355.6,20455.5,19746.6,20332.5
BTC,2022-07-07,20332.5,21820.7,20249.9,21654.4
BTC,2022-07-08,21655.6,22487.0,21177.3,21706.8
BTC,2022-07-09,21682.0,21956.8,21312.4,21695.8
BTC,2022-07-10,21696.3,21737.1,20647.1,21022.9
BTC,2022-07-11,21022.7,21022.8,20202.1,20224.1
BTC,2022-07-12,20220.4,20221.8,19256.8,19328.7
BTC,2022-07-13,19330.5,20091.8,18910.3,19908.9
BTC,2022-07-14,19906.2,20884.7,19611.5,20468.1
BTC,2022-07-15,20465.9,21185.8,20371.5,20960.9
BTC,2022-07-16,20959.7,21566.3,20473.5,21190.8
BTC,2022-07-17,21192.8,21658.9,20823.6,21016.7
BTC,2022-07-18,21023.9,22767.3,20748.4,21653.4
BTC,2022-07-19,21656.2,23804.1,21554.5,23656.5
BTC,2022-07-20,23651.8,24275.2,22927.0,23608.5
BTC,2022-07-21,23608.2,23639.9,22344.2,23212.4
BTC,2022-07-22,23213.3,23761.4,22510.5,22739.1
BTC,2022-07-23,22746.3,22998.3,21946.4,22249.0
BTC,2022-07-24,22245.5,22906.9,22235.8,22811.5
BTC,2022-07-25,22814.5,23013.1,21561.1,22027.0
BTC,2022-07-26,22029.9,22029.9,20728.4,20945.0
BTC,2022-07-27,20945.8,23109.0,20923.5,22680.9
BTC,2022-07-28,22680.1,24200.9,22590.2,23931.8
BTC,2022-07-29,23931.1,24443.9,23434.8,23828.9
BTC,2022-07-30,23798.1,24669.4,23658.3,23868.8
BTC,2022-07-31,23868.6,24194.2,23411.6,23595.8
BTC,2022-08-01,23595.4,23596.4,22858.8,23027.4
BTC,2022-08-02,23027.8,23457.2,22664.8,23097.7
BTC,2022-08-03,23084.4,23629.5,22688.5,23274.3
BTC,2022-08-04,23276.8,23283.7,22407.1,22496.0
BTC,2022-08-05,22494.6,23471.3,22456.7,23111.4
BTC,2022-08-06,23112.8,23352.2,23016.4,23183.9
BTC,2022-08-07,23183.8,23404.4,22853.5,23315.4
BTC,2022-08-08,23314.8,24246.0,23066.3,23852.2
BTC,2022-08-09,23851.6,23935.3,22882.1,23195.8
BTC,2022-08-10,23195.8,24230.6,22694.3,23966.2
BTC,2022-08-11,23967.2,24889.4,23816.2,24195.3
BTC,2022-08-12,24194.7,24291.2,23594.8,24125.5
BTC,2022-08-13,24129.1,24898.0,24087.2,24508.5
BTC,2022-08-14,24507.8,25040.6,24218.9,24352.3
BTC,2022-08-15,24352.2,25214.6,23885.3,24031.0
BTC,2022-08-16,24032.7,24251.2,23683.1,23950.8
BTC,2022-08-17,23951.8,24445.2,23184.2,23332.9
BTC,2022-08-18,23333.6,23598.9,23239.8,23363.3
BTC,2022-08-19,23362.4,23402.9,20999.2,21024.6
BTC,2022-08-20,21083.8,21370.3,20766.9,21121.1
BTC,2022-08-21,21121.0,21800.0,21055.5,21534.4
BTC,2022-08-22,21532.9,21669.1,20903.8,21097.4
BTC,2022-08-23,21097.9,21665.4,20913.3,21489.2
BTC,2022-08-24,21488.6,21840.0,21149.8,21594.1
BTC,2022-08-25,21594.4,21816.1,21312.1,21584.5
BTC,2022-08-26,21583.3,21826.1,20550.0,20641.1
BTC,2022-08-27,20641.4,20682.7,19847.2,19891.8
BTC,2022-08-28,19871.2,20161.1,19830.0,19965.2
BTC,2022-08-29,19965.0,20428.1,19538.2,20205.9
BTC,2022-08-30,20203.4,20575.1,19549.5,19882.1
BTC,2022-08-31,19886.9,20488.4,19751.3,20282.0
BTC,2022-09-01,20278.7,20290.6,19566.0,20083.7
BTC,2022-09-02,20084.2,20442.2,19763.8,19979.0
BTC,2022-09-03,19980.1,20055.2,19652.7,19751.8
BTC,2022-09-04,19752.1,19955.9,19585.8,19857.2
BTC,2022-09-05,19860.8,20058.4,19636.1,19752.4
BTC,2022-09-06,19751.9,20177.1,18713.2,18979.9
BTC,2022-09-07,18978.5,19461.9,18551.7,19364.7
BTC,2022-09-08,19365.1,19447.5,19030.4,19334.6
BTC,2022-09-09,19332.8,21439.1,19254.9,21257.8
BTC,2022-09-10,21256.9,21799.5,21136.1,21606.8
BTC,2022-09-11,21610.8,21866.6,21358.8,21515.0
BTC,2022-09-12,21520.1,22489.8,21520.1,22341.3
BTC,2022-09-13,22349.8,22739.8,19873.9,20133.2
BTC,2022-09-14,20150.4,20537.0,19661.1,20206.8
BTC,2022-09-15,20206.9,20395.1,19496.4,19828.4
BTC,2022-09-16,19827.4,19888.4,19332.7,19744.4
BTC,2022-09-17,19744.5,20189.0,19693.4,20034.5
BTC,2022-09-18,20034.3,20144.4,19417.5,19463.5
BTC,2022-09-19,19458.1,19678.6,18240.0,19519.5
BTC,2022-09-20,19520.3,19677.2,18715.0,18898.2
BTC,2022-09-21,18872.9,19727.6,18341.1,18468.2
BTC,2022-09-22,18467.3,19494.2,18147.1,19173.6
BTC,2022-09-23,19179.0,19520.9,18535.3,19008.8
BTC,2022-09-24,19008.5,19404.4,18861.7,18952.3
BTC,2022-09-25,18949.4,19178.9,18720.9,18744.7
BTC,2022-09-26,18740.1,19319.1,18634.4,19096.4
BTC,2022-09-27,19098.0,20383.3,18818.1,18992.7
BTC,2022-09-28,18982.9,19774.4,18473.2,19618.8
BTC,2022-09-29,19618.9,19665.1,18845.6,19432.8
BTC,2022-09-30,19431.3,20179.6,19163.8,19360.2
BTC,2022-10-01,19361.6,19483.7,19165.7,19288.3
BTC,2022-10-02,19288.3,19394.7,19059.1,19197.1
BTC,2022-10-03,19191.0,19649.0,18923.3,19555.2
BTC,2022-10-04,19557.1,20462.1,19499.0,20296.3
BTC,2022-10-05,20297.4,20386.1,19730.0,20055.4
BTC,2022-10-06,20052.6,20448.8,19881.1,19913.3
BTC,2022-10-07,19911.3,20056.7,19321.0,19572.7
BTC,2022-10-08,19571.7,19625.5,19241.9,19322.7
BTC,2022-10-09,19322.7,19555.8,19273.5,19482.2
BTC,2022-10-10,19483.0,19528.0,19096.2,19243.5
BTC,2022-10-11,19243.6,19266.0,18863.5,19004.5
BTC,2022-10-12,19003.7,19200.1,18978.2,19181.6
BTC,2022-10-13,19182.2,19508.7,18197.2,19403.6
BTC,2022-10-14,19403.1,19950.2,19077.7,19108.5
BTC,2022-10-15,19107.4,19226.8,19042.1,19070.1
BTC,2022-10-16,19069.0,19422.8,18982.3,19148.5
BTC,2022-10-17,19149.3,19676.7,19119.7,19515.4
BTC,2022-10-18,19515.4,19700.9,19097.4,19296.2
BTC,2022-10-19,19292.3,19372.2,19081.7,19195.0
BTC,2022-10-20,19194.4,19338.8,18906.1,19070.9
BTC,2022-10-21,19070.5,19247.7,18650.8,19155.9
BTC,2022-10-22,19155.6,19256.6,19114.9,19204.4
BTC,2022-10-23,19204.3,19596.1,19077.4,19541.0
BTC,2022-10-24,19542.2,19694.9,19161.3,19366.3
BTC,2022-10-25,19367.1,20416.8,19238.3,20234.4
BTC,2022-10-26,20237.0,21025.4,19992.8,20745.3
BTC,2022-10-27,20744.8,20909.1,20250.2,20407.2
BTC,2022-10-28,20408.0,20750.3,20005.4,20599.8
BTC,2022-10-29,20600.9,21084.8,20562.1,20850.3
BTC,2022-10-30,20850.4,20934.6,20521.2,20591.0
BTC,2022-10-31,20590.0,20839.9,20240.2,20478.7
BTC,2022-11-01,20480.7,20653.9,20330.4,20476.1
BTC,2022-11-02,20459.6,20798.6,20060.2,20108.0
BTC,2022-11-03,20108.7,20386.1,20046.0,20195.5
BTC,2022-11-04,20194.9,21300.1,20162.6,21179.3
BTC,2022-11-05,21180.7,21469.7,21083.4,21297.7
BTC,2022-11-06,21297.2,21365.2,21052.9,21140.3
BTC,2022-11-07,21138.4,21152.6,20389.5,20463.7
BTC,2022-11-08,20462.7,20694.2,17203.1,18514.2
BTC,2022-11-09,18491.1,18723.3,15764.8,16103.0
BTC,2022-11-10,16081.5,19503.4,15799.9,17887.7
BTC,2022-11-11,17904.2,20543.3,16507.1,16949.2
BTC,2022-11-12,16922.1,17203.5,16606.2,16805.7
BTC,2022-11-13,16806.2,16920.0,16214.7,16414.0
BTC,2022-11-14,16404.3,17163.0,15796.3,16386.9
BTC,2022-11-15,16385.4,17118.6,16380.7,16859.7
BTC,2022-11-16,16863.3,16987.9,16371.0,16653.8
BTC,2022-11-17,16652.8,16750.3,16399.8,16697.2
BTC,2022-11-18,16701.4,16987.4,16533.4,16647.0
BTC,2022-11-19,16647.2,16803.8,16536.0,16720.1
BTC,2022-11-20,16723.3,16756.1,16162.3,16272.5
BTC,2022-11-21,16273.2,16298.3,15473.9,15720.5
BTC,2022-11-22,15720.5,16283.4,15600.4,16165.2
BTC,2022-11-23,16165.1,16680.0,16137.2,16494.2
BTC,2022-11-24,16510.9,16795.0,16449.6,16597.5
BTC,2022-11-25,16598.3,16646.0,16334.8,16519.6
BTC,2022-11-26,16519.9,16689.1,16376.0,16416.1
BTC,2022-11-27,16414.6,16588.9,16407.3,16563.3
BTC,2022-11-28,16560.9,16567.7,16003.7,16212.5
BTC,2022-11-29,16214.2,16535.5,16093.5,16488.7
BTC,2022-11-30,16488.4,17241.4,16422.1,17153.7
BTC,2022-12-01,17146.7,17236.0,16863.7,16966.5
BTC,2022-12-02,16967.1,17105.2,16808.3,17042.2
BTC,2022-12-03,17044.0,17157.7,16864.6,16902.8
BTC,2022-12-04,16903.0,17150.6,16873.8,17104.6
BTC,2022-12-05,17105.3,17420.5,16870.0,16943.9
BTC,2022-12-06,16943.6,17102.0,16912.1,16973.7
BTC,2022-12-07,16974.1,17134.7,16689.9,16842.5
BTC,2022-12-08,16841.6,17298.0,16738.0,17203.8
BTC,2022-12-09,17203.3,17345.2,17069.4,17133.3
BTC,2022-12-10,17133.4,17226.0,17112.1,17137.6
BTC,2022-12-11,17137.7,17268.9,17091.3,17104.7
BTC,2022-12-12,17101.4,17219.8,16874.2,17159.7
BTC,2022-12-13,17159.0,17953.4,17084.9,17772.0
BTC,2022-12-14,17770.7,18377.6,17667.2,17837.7
BTC,2022-12-15,17836.5,17856.7,17282.2,17344.3
BTC,2022-12-16,17345.1,17528.3,16696.4,16725.0
BTC,2022-12-17,16727.0,16773.5,16532.6,16741.7
BTC,2022-12-18,16741.9,16860.9,16665.3,16763.8
BTC,2022-12-19,16764.6,16820.1,16265.7,16416.3
BTC,2022-12-20,16414.6,17055.0,16373.8,16869.7
BTC,2022-12-21,16868.8,16925.2,16727.0,16765.4
BTC,2022-12-22,16765.8,16867.2,16560.9,16795.0
BTC,2022-12-23,16795.0,16940.9,16743.9,16791.0
BTC,2022-12-24,16790.8,16859.5,16772.8,16824.9
BTC,2022-12-25,16824.9,16854.0,16725.8,16819.6
BTC,2022-12-26,16819.8,16915.6,16796.0,16835.3
BTC,2022-12-27,16835.9,16963.3,16595.4,16684.1
BTC,2022-12-28,16684.4,16776.9,16462.9,16509.2
BTC,2022-12-29,16509.7,16656.8,16481.7,16612.5
BTC,2022-12-30,16611.7,16657.2,16329.4,16575.2
BTC,2022-12-31,16575.1,16631.2,16467.2,16512.6
BTC,2023-01-01,16510.1,16619.2,16480.0,16594.6
BTC,2023-01-02,16594.6,16774.9,16543.4,16692.9
BTC,2023-01-03,16692.7,16771.3,16599.8,16670.7
BTC,2023-01-04,16670.7,16982.7,16647.9,16821.5
BTC,2023-01-05,16821.2,16872.2,16750.6,16832.7
BTC,2023-01-06,16831.2,17028.1,16675.3,16953.0
BTC,2023-01-07,16954.6,16976.2,16903.2,16932.5
BTC,2023-01-08,16932.4,17015.4,16908.8,16961.2
BTC,2023-01-09,16961.2,17394.8,16961.2,17204.3
BTC,2023-01-10,17202.8,17494.5,17129.0,17433.6
BTC,2023-01-11,17433.9,17593.3,17314.7,17555.0
BTC,2023-01-12,17556.0,19116.9,17550.7,18916.8
BTC,2023-01-13,18915.6,20001.6,18718.0,19851.1
BTC,2023-01-14,19854.7,21204.6,19736.2,20987.8
BTC,2023-01-15,20990.7,21073.7,20559.4,20916.3
BTC,2023-01-16,20915.2,21459.8,20627.4,21188.3
BTC,2023-01-17,21187.0,21595.2,20850.7,21234.1
BTC,2023-01-18,21234.5,21646.1,20409.2,20807.8
BTC,2023-01-19,20803.4,21188.4,20645.2,21064.9
BTC,2023-01-20,21064.2,22698.0,20868.0,22594.9
BTC,2023-01-21,22598.3,23374.4,22435.9,22948.9
BTC,2023-01-22,22902.0,23073.4,22311.4,22681.5
BTC,2023-01-23,22678.9,23173.1,22613.9,22931.0
BTC,2023-01-24,22934.4,23165.8,22730.3,22756.8
BTC,2023-01-25,22755.9,23814.8,22364.2,22939.2
BTC,2023-01-26,22937.7,23285.8,22862.9,23005.8
BTC,2023-01-27,22998.4,23501.3,22549.0,23015.6
BTC,2023-01-28,23014.7,23191.8,22887.2,22982.4
BTC,2023-01-29,22982.3,23963.7,22966.4,23767.1
BTC,2023-01-30,23764.8,23876.5,22501.1,22731.3
BTC,2023-01-31,22732.5,23306.0,22704.8,23183.7
BTC,2023-02-01,23182.1,23802.9,22766.8,23714.8
BTC,2023-02-02,23715.9,24252.3,23439.2,23561.5
BTC,2023-02-03,23561.4,23718.9,23211.3,23423.5
BTC,2023-02-04,23423.5,23573.0,23255.6,23405.0
BTC,2023-02-05,23406.1,23435.3,22754.6,22986.1
BTC,2023-02-06,22976.1,23139.3,22639.1,22882.2
BTC,2023-02-07,22880.3,23349.5,22644.5,23230.2
BTC,2023-02-08,23230.1,23446.5,22675.7,22931.1
BTC,2023-02-09,22884.4,23003.0,21702.8,21767.6
BTC,2023-02-10,21765.8,21942.3,21472.1,21573.7
BTC,2023-02-11,21574.4,21880.2,21555.2,21826.0
BTC,2023-02-12,21826.1,22088.4,21670.2,21797.0
BTC,2023-02-13,21796.7,21904.2,21389.3,21652.0
BTC,2023-02-14,21651.9,22307.8,21593.1,22197.2
BTC,2023-02-15,22197.2,24379.4,22056.6,24154.2
BTC,2023-02-16,24157.0,25190.4,23984.5,24013.8
BTC,2023-02-17,23997.9,25012.6,23347.1,24680.9
BTC,2023-02-18,24681.1,24876.2,24438.2,24631.4
BTC,2023-02-19,24631.0,25189.3,24266.8,24496.9
BTC,2023-02-20,24494.3,25098.3,23887.3,24707.3
BTC,2023-02-21,24704.9,25247.8,24160.7,24388.5
BTC,2023-02-22,24384.6,24478.5,23591.3,24100.6
BTC,2023-02-23,24102.5,24599.9,23617.8,23873.6
BTC,2023-02-24,23869.4,24132.3,22886.0,23119.7
BTC,2023-02-25,23119.0,23220.8,22800.8,23123.0
BTC,2023-02-26,23119.9,23675.6,23061.9,23478.9
BTC,2023-02-27,23478.7,23897.4,23118.9,23478.5
BTC,2023-02-28,23483.7,23600.5,23025.1,23161.8
BTC,2023-03-01,23163.7,23908.9,23028.0,23535.0
BTC,2023-03-02,23535.0,23795.0,23199.1,23464.9
BTC,2023-03-03,23463.5,23504.9,22098.0,22320.4
BTC,2023-03-04,22321.9,22409.5,22159.1,22307.2
BTC,2023-03-05,22308.1,22641.6,22238.8,22434.8
BTC,2023-03-06,22428.0,22598.3,22266.8,22432.3
BTC,2023-03-07,22432.6,22556.7,21944.0,22104.6
BTC,2023-03-08,22102.6,22267.6,21788.4,21788.4
BTC,2023-03-09,21795.4,21813.8,20062.4,20344.5
BTC,2023-03-10,20345.2,20380.1,19561.8,20167.4
BTC,2023-03-11,20167.4,20941.3,19912.0,20483.6
BTC,2023-03-12,20483.2,22084.5,20405.8,21915.8
BTC,2023-03-13,21934.6,24630.9,21829.2,24299.2
BTC,2023-03-14,24299.7,26558.8,24043.3,24804.0
BTC,2023-03-15,24801.3,25258.8,23980.0,24464.9
BTC,2023-03-16,24464.0,25224.9,24212.8,25043.8
BTC,2023-03-17,25043.9,27827.2,24944.7,27750.1
BTC,2023-03-18,27686.2,27778.6,26730.5,27003.4
BTC,2023-03-19,27003.9,28472.0,26887.8,28194.4
BTC,2023-03-20,28198.0,28553.4,27223.3,28054.7
BTC,2023-03-21,28054.7,28520.2,27406.2,28121.4
BTC,2023-03-22,28121.2,28872.3,26685.8,27286.4
BTC,2023-03-23,27283.8,28787.4,27180.9,28277.4
BTC,2023-03-24,28272.8,28499.1,27041.6,27328.5
BTC,2023-03-25,27328.3,27812.3,27186.8,27473.9
BTC,2023-03-26,27472.8,28175.3,27434.0,27856.6
BTC,2023-03-27,27856.6,28166.4,26665.1,27183.4
BTC,2023-03-28,27183.4,27517.2,26640.3,27201.1
BTC,2023-03-29,27201.1,28650.8,27144.2,28298.4
BTC,2023-03-30,28296.4,29187.3,27689.9,28076.4
BTC,2023-03-31,28076.4,28662.1,27521.7,28482.9
BTC,2023-04-01,28482.9,28821.7,28273.0,28488.0
BTC,2023-04-02,28488.3,28566.7,27876.1,28032.2
BTC,2023-04-03,28032.2,28505.7,27350.4,27720.8
BTC,2023-04-04,27725.4,28443.4,27675.6,28233.1
BTC,2023-04-05,28238.0,28777.5,27819.4,28191.2
BTC,2023-04-06,28191.2,28241.8,27723.2,27999.0
BTC,2023-04-07,27999.0,28113.8,27791.9,27911.8
BTC,2023-04-08,27911.8,28169.9,27880.0,27940.7
BTC,2023-04-09,27940.7,28492.3,27817.8,28456.2
BTC,2023-04-10,28456.2,29370.2,28197.2,29246.3
BTC,2023-04-11,29246.3,30578.1,29246.3,30219.4
BTC,2023-04-12,30219.4,30446.8,29686.4,29967.5
BTC,2023-04-13,29967.5,30607.8,29828.9,30312.8
BTC,2023-04-14,30312.8,31034.1,29994.2,30479.4
BTC,2023-04-15,30479.4,30617.9,30228.3,30291.0
BTC,2023-04-16,30291.0,30573.8,30144.4,30406.3
BTC,2023-04-17,30406.0,30425.5,29260.8,29469.6
BTC,2023-04-18,29469.6,30496.3,29121.5,30376.8
BTC,2023-04-19,30376.8,30427.6,28834.6,29180.7
BTC,2023-04-20,29190.7,29246.1,28001.2,28232.7
BTC,2023-04-21,28232.4,28371.5,27183.9,27277.0
BTC,2023-04-22,27277.0,27786.6,27133.0,27671.5
BTC,2023-04-23,27671.6,27883.2,27390.9,27519.2
BTC,2023-04-24,27519.2,27999.7,27073.5,27415.2
BTC,2023-04-25,27414.1,28314.5,27194.7,28274.5
BTC,2023-04-26,28269.4,30028.9,27379.3,28686.8
BTC,2023-04-27,28686.8,29893.0,28182.0,29656.8
BTC,2023-04-28,29656.8,29673.2,28905.2,29351.2
BTC,2023-04-29,29351.2,29471.8,29057.8,29247.2
BTC,2023-04-30,29247.2,29971.6,29105.7,29428.0
BTC,2023-05-01,29428.0,29447.2,27666.7,27992.7
BTC,2023-05-02,27992.8,28896.3,27876.2,28677.9
BTC,2023-05-03,28677.9,29065.5,28127.6,28931.2
BTC,2023-05-04,28995.8,29383.2,28686.5,28850.4
BTC,2023-05-05,28850.4,29673.0,28758.6,29513.6
BTC,2023-05-06,29513.6,29849.2,28455.0,28857.6
BTC,2023-05-07,28857.6,29134.6,28752.5,28802.8
BTC,2023-05-08,28807.1,28874.9,27282.4,27562.3
BTC,2023-05-09,27562.3,27841.4,27401.1,27625.2
BTC,2023-05-10,27630.3,28345.8,26885.1,27533.3
BTC,2023-05-11,27533.3,27751.7,26776.8,27005.0
BTC,2023-05-12,27005.0,27113.4,25845.9,26771.5
BTC,2023-05-13,26771.5,27031.6,26653.4,26876.0
BTC,2023-05-14,26876.0,27167.5,26651.6,26922.8
BTC,2023-05-15,26922.8,27682.9,26753.4,27381.6
BTC,2023-05-16,27381.6,27387.2,26885.3,27023.8
BTC,2023-05-17,27020.6,27506.8,26603.9,27378.6
BTC,2023-05-18,27378.6,27499.1,26476.5,26929.3
BTC,2023-05-19,26928.0,27164.9,26740.1,26913.9
BTC,2023-05-20,26913.9,27172.4,26838.5,27057.3
BTC,2023-05-21,27057.4,27282.5,26686.7,26761.2
BTC,2023-05-22,26761.2,27073.9,26554.1,26914.0
BTC,2023-05-23,26914.0,27492.8,26805.3,27201.7
BTC,2023-05-24,27202.0,27252.4,26052.3,26367.1
BTC,2023-05-25,26370.3,26618.7,25926.7,26476.6
BTC,2023-05-26,26473.9,26939.7,26329.9,26730.6
BTC,2023-05-27,26730.6,26852.8,26560.4,26781.2
BTC,2023-05-28,26781.2,27957.9,26772.6,27841.4
BTC,2023-05-29,27841.4,28455.4,27532.3,27675.0
BTC,2023-05-30,27675.0,28049.5,27565.4,27730.2
BTC,2023-05-31,27730.2,27843.6,26849.8,27095.1
BTC,2023-06-01,27095.6,27350.4,26615.4,26897.4
BTC,2023-06-02,26897.4,27295.3,26510.9,27214.7
BTC,2023-06-03,27214.5,27334.7,26924.5,27015.2
BTC,2023-06-04,27015.2,27306.1,26959.6,27203.3
BTC,2023-06-05,27203.3,27462.5,25394.9,25669.4
BTC,2023-06-06,25666.1,27215.9,25361.7,27064.9
BTC,2023-06-07,27065.0,27393.9,26132.1,26156.1
BTC,2023-06-08,26158.8,26815.1,26139.0,26578.2
BTC,2023-06-09,26578.2,26779.7,26282.8,26474.2
BTC,2023-06-10,26474.2,26531.9,25391.3,25776.2
BTC,2023-06-11,25776.2,26215.3,25648.0,26057.0
BTC,2023-06-12,26057.1,26107.5,25622.0,25931.6
BTC,2023-06-13,25931.6,26429.3,25716.1,25844.1
BTC,2023-06-14,25844.1,26078.6,24821.1,25119.0
BTC,2023-06-15,25088.0,25735.0,24750.4,25553.4
BTC,2023-06-16,25553.4,26489.1,25149.0,26277.1
BTC,2023-06-17,26289.5,26798.3,26163.7,26514.2
BTC,2023-06-18,26513.1,26691.1,26380.5,26409.3
BTC,2023-06-19,26402.2,27050.9,26250.6,26761.9
BTC,2023-06-20,26761.9,28307.1,26645.2,28134.2
BTC,2023-06-21,28134.2,30763.8,28108.2,29882.4
BTC,2023-06-22,29888.0,30501.5,29654.3,30060.4
BTC,2023-06-23,30060.4,31410.1,29810.7,30677.6
BTC,2023-06-24,30677.9,30812.9,30269.7,30533.0
BTC,2023-06-25,30533.0,31057.0,30289.2,30461.2
BTC,2023-06-26,30461.3,30666.3,29931.1,30164.4
BTC,2023-06-27,30164.4,31005.5,30105.6,30722.9
BTC,2023-06-28,30722.9,30740.2,29947.6,30134.1
BTC,2023-06-29,30134.1,30832.4,30047.7,30413.1
BTC,2023-06-30,30413.7,31272.9,29494.1,30469.2
BTC,2023-07-01,30469.2,30656.0,30314.9,30584.7
BTC,2023-07-02,30584.7,30681.8,30190.0,30560.2
BTC,2023-07-03,30562.7,31385.9,30430.9,31052.4
BTC,2023-07-04,31052.4,31354.7,30626.8,30810.5
BTC,2023-07-05,30810.5,30881.5,30198.2,30474.9
BTC,2023-07-06,30474.9,31491.9,29891.6,30222.0
BTC,2023-07-07,30222.0,30445.7,29703.5,30292.7
BTC,2023-07-08,30292.7,30388.0,30048.8,30185.9
BTC,2023-07-09,30185.9,30445.5,30121.0,30159.3
BTC,2023-07-10,30159.3,31048.9,29956.9,30320.1
BTC,2023-07-11,30260.1,30813.0,30206.0,30570.8
BTC,2023-07-12,30570.8,30977.8,30215.9,30355.4
BTC,2023-07-13,30355.4,31818.8,30250.6,31266.2
BTC,2023-07-14,31266.2,31641.1,29915.6,30256.8
BTC,2023-07-15,30255.8,30407.6,30216.7,30312.1
BTC,2023-07-16,30312.1,30451.9,30143.6,30306.6
BTC,2023-07-17,30306.6,30375.9,29665.4,30249.1
BTC,2023-07-18,30247.7,30273.0,29518.2,29807.4
BTC,2023-07-19,29807.4,30193.1,29762.0,29933.7
BTC,2023-07-20,29933.7,30417.2,29576.2,29869.6
BTC,2023-07-21,29867.6,30059.3,29724.6,29900.2
BTC,2023-07-22,29900.2,30001.4,29805.6,29830.0
BTC,2023-07-23,29830.0,30348.9,29649.9,29944.0
BTC,2023-07-24,29954.7,30098.1,28862.5,29163.5
BTC,2023-07-25,29163.6,29373.7,29045.3,29226.9
BTC,2023-07-26,29226.9,29682.8,29092.3,29467.2
BTC,2023-07-27,29467.2,29566.3,29093.3,29179.3
BTC,2023-07-28,29179.3,29528.0,29115.5,29313.4
BTC,2023-07-29,29313.2,29406.6,29255.6,29348.1
BTC,2023-07-30,29347.8,29446.9,29088.4,29211.2
BTC,2023-07-31,29211.2,29525.9,29096.3,29238.3
BTC,2023-08-01,29238.3,29343.0,28562.8,29229.9
BTC,2023-08-02,29228.1,30028.0,28919.7,29162.9
BTC,2023-08-03,29162.9,29401.8,28940.7,29217.1
BTC,2023-08-04,29230.2,29305.2,28789.6,29037.5
BTC,2023-08-05,29037.5,29191.1,28961.0,29041.5
BTC,2023-08-06,29041.5,29206.5,28896.4,29042.9
BTC,2023-08-07,29044.3,29241.9,28514.0,29162.2
BTC,2023-08-08,29162.3,30221.0,29110.0,29850.5
BTC,2023-08-09,29850.8,30130.7,29351.4,29501.2
BTC,2023-08-10,29501.2,29707.2,29306.9,29434.8
BTC,2023-08-11,29434.8,29526.6,29219.1,29377.7
BTC,2023-08-12,29377.7,29465.1,29355.5,29400.9
BTC,2023-08-13,29400.9,29450.5,29309.2,29344.0
BTC,2023-08-14,29344.0,29661.2,29076.3,29371.3
BTC,2023-08-15,29371.3,29459.1,29104.6,29197.8
BTC,2023-08-16,29197.8,29225.0,28836.4,28897.2
BTC,2023-08-17,28897.2,28944.4,25156.3,26238.8
BTC,2023-08-18,25989.9,27092.0,25606.8,26049.7
BTC,2023-08-19,26049.7,26266.9,25793.4,26078.2
BTC,2023-08-20,26078.2,26294.0,25985.4,26175.5
BTC,2023-08-21,26178.7,26246.8,25812.0,26192.4
BTC,2023-08-22,26192.1,26192.3,25294.2,25660.3
BTC,2023-08-23,25660.6,26805.7,25634.5,26315.0
BTC,2023-08-24,26312.0,26566.7,25857.2,26081.7
BTC,2023-08-25,26081.7,26296.3,25765.6,26067.5
BTC,2023-08-26,26066.0,26099.2,25969.9,26027.7
BTC,2023-08-27,26026.4,26167.8,25953.9,26055.6
BTC,2023-08-28,26055.6,26231.7,25859.8,25969.4
BTC,2023-08-29,25969.4,28143.8,25904.1,27664.2
BTC,2023-08-30,27664.0,27768.9,27020.8,27259.7
BTC,2023-08-31,27259.7,27568.9,25665.6,26021.4
BTC,2023-09-01,26021.4,26145.8,25325.1,25791.3
BTC,2023-09-02,25791.3,25982.3,25742.2,25856.0
BTC,2023-09-03,25856.0,26121.6,25796.4,25963.0
BTC,2023-09-04,25963.0,26100.4,25624.0,25670.5
BTC,2023-09-05,25664.9,25871.4,25554.8,25722.4
BTC,2023-09-06,25722.4,26005.7,25403.7,25709.9
BTC,2023-09-07,25711.3,26419.4,25600.1,26146.7
BTC,2023-09-08,26172.9,26433.8,25667.7,25890.6
BTC,2023-09-09,25889.0,25934.1,25789.2,25883.5
BTC,2023-09-10,25883.5,25910.4,25577.4,25893.0
BTC,2023-09-11,25915.4,26020.6,24905.3,25139.9
BTC,2023-09-12,25139.9,26544.6,25078.0,26100.6
BTC,2023-09-13,26098.7,26403.4,25761.8,26232.0
BTC,2023-09-14,26232.0,26857.2,26128.6,26542.5
BTC,2023-09-15,26542.5,26689.2,26224.0,26468.3
BTC,2023-09-16,26469.2,26885.8,26450.5,26572.4
BTC,2023-09-17,26572.4,26628.0,26404.6,26491.3
BTC,2023-09-18,26491.3,27414.8,26383.4,26843.4
BTC,2023-09-19,26843.4,27485.2,26673.9,27161.8
BTC,2023-09-20,27161.8,27391.9,26805.3,27111.8
BTC,2023-09-21,27113.7,27159.9,26375.9,26612.6
BTC,2023-09-22,26612.6,26739.6,26470.2,26567.2
BTC,2023-09-23,26567.5,26633.6,26510.1,26570.7
BTC,2023-09-24,26570.7,26739.3,26341.5,26520.4
BTC,2023-09-25,26520.4,26520.4,25994.0,26278.3
BTC,2023-09-26,26278.3,26392.2,26080.6,26154.2
BTC,2023-09-27,26226.9,26828.0,26094.3,26260.2
BTC,2023-09-28,26260.6,27296.3,26260.5,27004.5
BTC,2023-09-29,27002.2,27240.3,26664.7,26867.0
BTC,2023-09-30,26867.0,27095.0,26862.4,27004.7
BTC,2023-10-01,27004.7,27289.3,26956.2,27190.2
BTC,2023-10-02,27183.1,28495.5,27158.3,27480.2
BTC,2023-10-03,27480.2,27671.8,27165.0,27399.8
BTC,2023-10-04,27399.8,27837.2,27213.8,27688.2
BTC,2023-10-05,27687.7,28124.5,27358.6,27457.7
BTC,2023-10-06,27457.4,28289.7,27197.4,28053.9
BTC,2023-10-07,28056.7,28146.2,27858.1,27948.7
BTC,2023-10-08,27948.6,28107.3,27710.7,27934.7
BTC,2023-10-09,27932.8,27999.1,27322.4,27626.0
BTC,2023-10-10,27627.0,27737.2,27298.8,27428.7
BTC,2023-10-11,27428.7,27478.8,26532.0,26720.7
BTC,2023-10-12,26720.7,26938.9,26544.1,26749.4
BTC,2023-10-13,26749.4,27108.5,26679.2,27013.8
BTC,2023-10-14,27012.1,27067.2,26755.2,26819.4
BTC,2023-10-15,26818.4,27233.8,26807.4,27180.7
BTC,2023-10-16,27180.7,30006.6,27038.4,28435.0
BTC,2023-10-17,28435.0,28627.8,28081.5,28497.8
BTC,2023-10-18,28490.3,28890.4,28154.4,28276.5
BTC,2023-10-19,28272.6,28921.3,28146.9,28615.2
BTC,2023-10-20,28615.5,30118.1,28592.3,29627.2
BTC,2023-10-21,29627.2,30374.6,29478.0,29999.0
BTC,2023-10-22,29999.1,30259.6,29722.0,29760.1
BTC,2023-10-23,29760.1,31825.8,29724.7,31646.4
BTC,2023-10-24,31646.4,35179.4,31611.4,34138.1
BTC,2023-10-25,34121.6,35128.0,33691.4,34560.7
BTC,2023-10-26,34560.7,34833.4,33749.3,34114.2
BTC,2023-10-27,34114.2,34284.2,33408.0,33847.2
BTC,2023-10-28,33847.2,34401.5,33793.9,34195.5
BTC,2023-10-29,34195.8,34748.3,33936.4,34714.6
BTC,2023-10-30,34714.6,34835.5,34133.9,34479.9
BTC,2023-10-31,34480.3,34730.2,34051.6,34573.7
BTC,2023-11-01,34573.7,35599.2,34107.6,35289.3
BTC,2023-11-02,35291.2,35994.6,34332.4,34793.3
BTC,2023-11-03,34793.3,34952.4,34123.1,34641.6
BTC,2023-11-04,34641.6,35204.6,34599.0,35180.4
BTC,2023-11-05,35177.8,35325.5,34482.8,34998.1
BTC,2023-11-06,34999.4,35375.9,34757.5,35125.6
BTC,2023-11-07,35125.6,35901.3,34535.5,35298.3
BTC,2023-11-08,35298.3,35958.6,35108.8,35791.5
BTC,2023-11-09,35793.6,37984.4,35552.8,36555.6
BTC,2023-11-10,36549.2,37514.0,36352.6,37376.0
BTC,2023-11-11,37371.1,37512.4,36729.0,36901.1
BTC,2023-11-12,36901.2,37239.5,36746.5,37170.9
BTC,2023-11-13,37170.9,37429.3,36341.7,36480.2
BTC,2023-11-14,36482.4,36751.5,34765.8,35613.6
BTC,2023-11-15,35610.1,37893.1,35366.2,37726.6
BTC,2023-11-16,37730.1,37977.4,35513.1,36221.6
BTC,2023-11-17,36225.1,36772.0,35873.1,36552.4
BTC,2023-11-18,36552.4,36857.6,36210.9,36524.2
BTC,2023-11-19,36523.9,37099.3,36361.8,36996.6
BTC,2023-11-20,36996.6,37764.7,36706.4,37455.0
BTC,2023-11-21,37454.4,37669.3,36276.4,36390.3
BTC,2023-11-22,36393.1,37872.5,35657.9,37457.3
BTC,2023-11-23,37456.0,37647.9,36895.8,37310.2
BTC,2023-11-24,37319.4,38428.2,37256.0,37711.9
BTC,2023-11-25,37711.9,37909.6,37610.8,37747.3
BTC,2023-11-26,37746.0,37835.8,37170.0,37667.6
BTC,2023-11-27,37667.6,37667.6,36716.2,37084.0
BTC,2023-11-28,37084.0,38396.6,36871.7,37883.1
BTC,2023-11-29,37884.9,38467.7,37584.3,37795.2
BTC,2023-11-30,37795.2,38150.8,37510.5,37700.1
BTC,2023-12-01,37705.6,38996.9,37611.1,38719.3
BTC,2023-12-02,38719.3,39732.7,38660.5,39367.1
BTC,2023-12-03,39373.0,40223.8,39294.1,40075.1
BTC,2023-12-04,40077.2,42419.1,39793.9,41952.7
BTC,2023-12-05,41941.6,44493.1,41416.5,44290.7
BTC,2023-12-06,44290.7,44295.3,43390.8,43771.6
BTC,2023-12-07,43761.1,44046.4,42870.4,43151.1
BTC,2023-12-08,43151.1,44716.5,43093.8,44263.5
BTC,2023-12-09,44278.1,44369.1,43734.9,43911.6
BTC,2023-12-10,43903.4,44053.7,43605.9,43784.8
BTC,2023-12-11,43779.1,43848.2,40188.0,41267.3
BTC,2023-12-12,41267.3,42090.8,40645.8,41211.6
BTC,2023-12-13,41211.6,43448.9,40563.1,42972.3
BTC,2023-12-14,42972.3,43424.7,41784.8,43077.9
BTC,2023-12-15,43077.9,43187.5,41656.4,42064.9
BTC,2023-12-16,42064.9,42689.1,41625.1,42277.0
BTC,2023-12-17,42277.0,42373.1,41532.4,41674.9
BTC,2023-12-18,41674.9,42744.6,40515.1,42498.4
BTC,2023-12-19,42498.4,43465.1,41797.4,42312.0
BTC,2023-12-20,42312.1,44282.1,42192.1,43613.4
BTC,2023-12-21,43610.8,44245.8,43290.5,43957.3
BTC,2023-12-22,43957.8,44411.2,43423.0,43834.6
BTC,2023-12-23,43834.6,44084.3,43330.1,43767.7
BTC,2023-12-24,43767.7,43963.3,42704.4,43005.7
BTC,2023-12-25,43007.5,43806.9,42755.6,43689.8
BTC,2023-12-26,43689.8,43689.8,41703.7,42465.8
BTC,2023-12-27,42465.8,43698.8,42103.1,43350.7
BTC,2023-12-28,43356.1,43815.2,42273.6,42644.4
BTC,2023-12-29,42647.1,43129.7,41306.9,41769.4
BTC,2023-12-30,41769.4,42603.9,41521.8,42131.5
BTC,2023-12-31,42125.3,42881.0,41981.6,42247.3
BTC,2024-01-01,42250.7,43836.1,42053.8,43538.2
BTC,2024-01-02,43538.2,45919.1,43538.2,44998.4
BTC,2024-01-03,44998.6,45510.9,40823.8,42765.5
BTC,2024-01-04,42766.4,44791.8,42607.7,44370.8
BTC,2024-01-05,44370.8,44407.1,42530.8,44002.2
BTC,2024-01-06,44006.7,44343.0,43436.7,43904.9
BTC,2024-01-07,43904.9,44498.8,43726.7,43898.1
BTC,2024-01-08,43890.9,47261.7,43201.1,47041.8
BTC,2024-01-09,47041.8,47636.2,45198.3,46275.4
BTC,2024-01-10,46266.3,46958.7,44331.1,46914.4
BTC,2024-01-11,46914.4,48976.3,45596.8,46402.8
BTC,2024-01-12,46402.8,46520.5,41717.1,42481.9
BTC,2024-01-13,42464.6,43247.9,42426.4,42980.3
BTC,2024-01-14,42980.3,43068.5,41974.4,42250.7
BTC,2024-01-15,42250.8,43360.9,41688.0,42576.8
BTC,2024-01-16,42588.9,43573.6,42058.2,43199.1
BTC,2024-01-17,43199.1,43277.8,42162.8,42679.4
BTC,2024-01-18,42679.4,42877.0,40597.9,41312.9
BTC,2024-01-19,41303.6,42148.6,40259.3,41645.8
BTC,2024-01-20,41645.8,41830.5,41418.6,41747.3
BTC,2024-01-21,41747.3,41855.0,41503.4,41607.2
BTC,2024-01-22,41607.2,41658.8,39415.3,39794.8
BTC,2024-01-23,39793.1,40137.0,38514.0,39434.0
BTC,2024-01-24,39453.3,40519.7,39437.3,39854.9
BTC,2024-01-25,39854.9,40274.0,39523.9,39934.7
BTC,2024-01-26,39934.7,42231.4,39801.8,41897.5
BTC,2024-01-27,41897.5,42197.5,41390.6,42155.1
BTC,2024-01-28,42155.0,42828.7,41617.9,41827.3
BTC,2024-01-29,41833.5,43290.9,41746.9,43111.1
BTC,2024-01-30,43110.2,43861.3,43078.1,43326.9
BTC,2024-01-31,43324.0,43736.8,42287.4,42632.2
BTC,2024-02-01,42632.2,43271.3,41851.4,42914.7
BTC,2024-02-02,42914.7,43453.6,42522.1,43179.7
BTC,2024-02-03,43179.7,43354.9,42864.1,43016.5
BTC,2024-02-04,43016.7,43100.5,42299.6,42553.3
BTC,2024-02-05,42553.3,43521.8,42236.1,42449.1
BTC,2024-02-06,42449.0,43361.3,42406.5,43186.1
BTC,2024-02-07,43186.2,44388.9,42757.2,44151.9
BTC,2024-02-08,44151.9,45616.6,44143.9,45280.6
BTC,2024-02-09,45283.4,48206.4,45246.2,47300.0
BTC,2024-02-10,47300.0,48170.9,46834.2,47839.8
BTC,2024-02-11,47839.8,48606.7,47577.8,48149.9
BTC,2024-02-12,48150.3,50347.5,47713.9,50043.1
BTC,2024-02-13,50043.1,50391.8,48311.1,49540.8
BTC,2024-02-14,49540.9,52034.4,49251.7,51840.6
BTC,2024-02-15,51843.1,52843.6,51364.3,51689.3
BTC,2024-02-16,51685.7,52599.4,51601.5,52017.9
BTC,2024-02-17,52017.9,52246.6,50645.3,51721.9
BTC,2024-02-18,51721.9,52382.2,51188.9,52245.5
BTC,2024-02-19,52245.6,52496.1,51685.7,51948.9
BTC,2024-02-20,51948.9,52985.8,50765.1,52178.6
BTC,2024-02-21,52178.6,52528.3,50640.5,51511.1
BTC,2024-02-22,51499.7,52049.6,50913.3,51439.5
BTC,2024-02-23,51422.7,51516.6,50643.5,50780.9
BTC,2024-02-24,50780.9,51683.8,50521.3,51556.1
BTC,2024-02-25,51556.1,51951.3,51281.4,51699.4
BTC,2024-02-26,51699.4,54952.0,50907.1,54695.3
BTC,2024-02-27,54695.3,57564.2,54477.5,56915.7
BTC,2024-02-28,56915.7,64078.1,56725.3,61317.8
BTC,2024-02-29,61317.8,63683.8,60362.5,61260.1
BTC,2024-03-01,61260.1,63183.0,60797.7,62538.3
BTC,2024-03-02,62538.2,62767.9,61674.8,61745.5
BTC,2024-03-03,61745.5,63257.1,61431.9,62847.2
BTC,2024-03-04,62855.7,68003.8,62397.8,68003.8
BTC,2024-03-05,68003.8,68992.1,60331.6,63419.7
BTC,2024-03-06,63469.8,67642.2,62832.5,65949.5
BTC,2024-03-07,65949.5,68054.8,65593.6,67198.1
BTC,2024-03-08,67198.1,69982.0,66303.7,68290.8
BTC,2024-03-09,68283.1,68693.9,68030.8,68498.3
BTC,2024-03-10,68497.6,70026.0,68218.2,68498.7
BTC,2024-03-11,68515.3,72858.2,67623.4,72455.6
BTC,2024-03-12,72455.6,72812.7,69082.3,71167.0
BTC,2024-03-13,71167.0,73672.6,71041.1,72987.6
BTC,2024-03-14,72988.3,73532.1,68668.9,71514.2
BTC,2024-03-15,71503.5,72390.0,65619.8,69110.5
BTC,2024-03-16,69110.5,70045.1,65756.6,66336.0
BTC,2024-03-17,66318.6,68862.1,64499.7,68201.1
BTC,2024-03-18,68204.0,68907.5,66562.0,67687.9
BTC,2024-03-19,67688.0,68105.2,62418.1,62578.9
BTC,2024-03-20,62578.8,67914.9,60770.4,67488.6
BTC,2024-03-21,67064.4,67667.9,64520.8,65377.2
BTC,2024-03-22,65368.9,66635.8,62307.5,63045.9
BTC,2024-03-23,63035.9,66001.0,62998.9,64751.5
BTC,2024-03-24,64747.9,67000.0,63794.1,66947.2
BTC,2024-03-25,66947.2,71177.6,66386.7,70314.3
BTC,2024-03-26,70324.5,71580.3,69295.0,70249.9
BTC,2024-03-27,70249.9,71755.9,68369.8,69415.1
BTC,2024-03-28,69415.1,71562.8,68852.0,70862.9
BTC,2024-03-29,70862.9,71073.2,69100.6,69841.5
BTC,2024-03-30,69841.5,70354.8,69665.8,69748.1
BTC,2024-03-31,69748.1,71218.7,69567.1,70864.5
BTC,2024-04-01,70864.5,71371.0,68180.5,69612.4
BTC,2024-04-02,69619.8,69900.4,64570.6,65709.4
BTC,2024-04-03,65708.8,66931.5,64544.9,65937.8
BTC,2024-04-04,65949.1,69334.0,65078.2,67804.2
BTC,2024-04-05,67806.3,68768.3,65984.3,67539.0
BTC,2024-04-06,67526.3,68497.1,67483.6,68316.7
BTC,2024-04-07,68316.7,70320.9,68303.4,69037.5
BTC,2024-04-08,69037.5,72757.3,68907.9,71687.7
BTC,2024-04-09,71684.9,71993.5,68208.4,69182.7
BTC,2024-04-10,69182.7,70135.3,67483.2,70014.9
BTC,2024-04-11,70014.9,71287.0,69556.1,70120.3
BTC,2024-04-12,70120.3,71236.7,65550.0,66979.4
BTC,2024-04-13,66975.4,67939.6,61006.0,62983.0
BTC,2024-04-14,62973.1,65638.0,62172.3,63706.3
BTC,2024-04-15,63701.2,66906.0,62308.1,63273.7
BTC,2024-04-16,63273.7,64349.2,61637.0,64030.3
BTC,2024-04-17,64019.9,64501.9,59677.6,61294.1
BTC,2024-04-18,61294.2,64151.5,60816.2,63496.6
BTC,2024-04-19,63488.8,65486.4,59607.4,64327.6
BTC,2024-04-20,64419.6,65438.6,62979.7,64745.4
BTC,2024-04-21,64745.4,65723.8,64251.6,64667.0
BTC,2024-04-22,64667.0,66849.0,64518.9,66546.2
BTC,2024-04-23,66546.2,67251.8,65821.2,66350.0
BTC,2024-04-24,66356.7,67073.1,63555.2,64340.7
BTC,2024-04-25,64333.5,65237.0,62755.7,64673.3
BTC,2024-04-26,64672.5,64813.5,63302.6,64085.6
BTC,2024-04-27,64053.6,64053.6,62432.1,63232.6
BTC,2024-04-28,63232.6,64357.1,63198.4,63623.8
BTC,2024-04-29,63620.7,63721.1,61834.1,63092.2
BTC,2024-04-30,63086.6,64710.7,59113.6,60101.2
BTC,2024-05-01,60098.9,60984.2,56509.6,57822.2
BTC,2024-05-02,57822.2,59623.6,56867.2,59115.6
BTC,2024-05-03,59112.6,63230.8,58817.2,62753.8
BTC,2024-05-04,62775.0,64542.2,62577.1,63908.6
BTC,2024-05-05,63913.5,64619.6,62858.2,63876.1
BTC,2024-05-06,63876.1,65500.0,62699.2,63551.6
BTC,2024-05-07,63542.9,64408.4,62792.5,63072.1
BTC,2024-05-08,63081.5,63122.3,61376.1,61466.9
BTC,2024-05-09,61466.9,62809.4,60605.1,62533.3
BTC,2024-05-10,62543.7,63457.0,60170.0,60691.7
BTC,2024-05-11,60691.8,61468.4,60461.4,60906.6
BTC,2024-05-12,60906.1,61851.3,60595.4,61209.7
BTC,2024-05-13,61223.7,63437.3,60731.8,62893.1
BTC,2024-05-14,62894.8,63106.4,61117.3,61672.4
BTC,2024-05-15,61672.4,66452.5,61295.0,65895.4
BTC,2024-05-16,65912.9,66744.2,64607.5,65467.9
BTC,2024-05-17,65467.9,67473.8,65109.6,66846.6
BTC,2024-05-18,66833.4,67394.3,66627.0,66910.7
BTC,2024-05-19,66910.7,67698.4,65875.3,66275.4
BTC,2024-05-20,66278.5,70285.7,66060.3,69722.0
BTC,2024-05-21,69744.3,71983.3,69148.6,69709.6
BTC,2024-05-22,69702.1,70645.5,68913.2,69468.6
BTC,2024-05-23,69468.6,70059.7,66493.9,67946.5
BTC,2024-05-24,67956.4,69235.3,66593.3,68867.7
BTC,2024-05-25,68867.7,69587.1,68482.9,69124.5
BTC,2024-05-26,69125.2,69510.8,68168.4,68498.8
BTC,2024-05-27,68498.8,70616.2,68205.2,69733.8
BTC,2024-05-28,69733.8,69733.8,67193.9,68314.3
BTC,2024-05-29,68301.9,68853.4,67093.5,67626.0
BTC,2024-05-30,67611.8,69472.9,67095.7,68392.8
BTC,2024-05-31,68392.8,69000.6,66627.1,67484.5
BTC,2024-06-01,67484.5,67814.1,67170.6,67699.7
BTC,2024-06-02,67699.7,68404.5,67243.0,67780.2
BTC,2024-06-03,67774.0,70266.4,67572.6,69069.4
BTC,2024-06-04,69069.4,71059.3,68546.8,70620.0
BTC,2024-06-05,70620.0,71767.3,70378.0,71145.5
BTC,2024-06-06,71145.5,71630.6,70096.0,70717.9
BTC,2024-06-07,70717.9,71924.3,68758.1,69251.9
BTC,2024-06-08,69224.4,69550.2,69148.2,69397.3
BTC,2024-06-09,69396.6,69849.0,69122.6,69739.5
BTC,2024-06-10,69739.5,70165.3,69152.2,69566.3
BTC,2024-06-11,69566.7,69572.5,66022.0,67382.5
BTC,2024-06-12,67390.7,70005.3,66898.3,68513.4
BTC,2024-06-13,68513.4,68517.4,66299.1,66943.2
BTC,2024-06-14,66943.2,67325.5,65032.8,66159.8
BTC,2024-06-15,66149.7,66434.8,65822.6,66089.2
BTC,2024-06-16,66089.2,66745.0,65997.7,66471.8
BTC,2024-06-17,66471.8,67247.9,65074.6,66541.3
BTC,2024-06-18,66550.2,66684.9,64039.9,65184.1
BTC,2024-06-19,65202.1,65712.4,64640.1,64978.4
BTC,2024-06-20,64978.4,66455.0,64511.8,65004.3
BTC,2024-06-21,65004.3,65100.6,63390.1,64044.7
BTC,2024-06-22,64044.7,64507.9,63913.8,64304.3
BTC,2024-06-23,64304.3,64493.3,63496.6,63800.6
BTC,2024-06-24,63794.2,63794.2,58495.2,60056.1
BTC,2024-06-25,60075.4,62381.7,59941.4,61905.4
BTC,2024-06-26,61908.8,62468.4,60678.9,61006.1
BTC,2024-06-27,61006.1,62326.8,60561.6,61453.6
BTC,2024-06-28,61453.6,62149.8,59959.9,60245.9
BTC,2024-06-29,60243.6,61126.0,60173.9,60941.2
BTC,2024-06-30,60941.2,62314.4,60612.0,61853.4
BTC,2024-07-01,61843.4,63790.9,61843.4,63072.4
BTC,2024-07-02,63059.9,63216.1,61729.6,61858.9
BTC,2024-07-03,61858.9,62190.0,59342.6,60180.7
BTC,2024-07-04,60176.0,60431.0,56729.0,58460.7
BTC,2024-07-05,58460.2,58731.4,53734.1,56524.5
BTC,2024-07-06,56522.1,58265.4,56023.0,57869.8
BTC,2024-07-07,57869.7,58476.4,56205.5,56589.8
BTC,2024-07-08,56587.8,57904.4,54276.0,56654.8
